2022/07/29 13:34:00 , Mlab , こんにちは  , 0.77,
2022/07/29 13:34:06 , Mlab , 松尾 研究室 に ようこそ  , 0.67,
2022/07/29 13:34:14 , Mlab , 松尾 研究室 に ようこそ  , 0.71,
2022/07/29 13:34:19 , Mlab , 松尾 研究室 に ようこそ  , 0.78,
2022/07/29 13:34:27 , Mlab , また  , 0.42,
2022/07/29 13:34:30 , Mlab , 松尾 研究室 に ようこそ  , 0.79,
2022/07/29 13:34:35 , Mlab , 松野  , 0.12,
2022/07/29 13:34:46 , Mlab , 松 の 研究室 に ようこそ  , 0.75,
2022/07/29 13:34:54 , Mlab , 角 研究室 に ようこそ  , 0.54,
2022/07/29 13:35:00 , Mlab , 松尾 研究室 に ようこそ  , 0.74,
2022/07/29 13:35:06 , Mlab , 今日 の 会議 は 10時 半 から 始め ます  , 0.99,
